model,tasks,categories,class_bal_accuracy_pct,class_bal_approach,class_bal_source_validity,class_bal_failure_rate_pct,avg_tokens_per_task,avg_tool_calls_per_task,avg_cost_per_task_usd,total_cost_usd,pricing_input_per_mtoken,pricing_output_per_mtoken,pricing_cached_per_mtoken
anthropic_claude-sonnet-4-6,30,3,22.4603,3.9198,2.3849,21.6667,378323.23,14.57,1.211563,36.346887,3.000000,15.000000,0.300000
anthropic_claude-sonnet-4-6-new,30,3,31.8770,3.4738,2.6389,0.0000,238405.33,10.00,0.760403,22.812084,3.000000,15.000000,0.300000
deepinfra_deepseek-ai_DeepSeek-V3.2,30,3,16.2698,2.9254,1.8159,28.3333,421046.57,13.20,0.064723,1.941700,0.260000,0.380000,0.130000
deepinfra_moonshotai_Kimi-K2.5,30,3,16.8810,3.4714,2.2524,26.3492,351485.73,11.53,0.070339,2.110184,0.450000,2.250000,0.070000
deepinfra_Qwen_Qwen3-Max-Thinking,30,3,9.5238,3.0786,1.8444,28.3333,210568.93,8.20,0.261780,7.853386,1.200000,6.000000,0.240000
google_gemini-3.1-pro-preview,30,3,42.3413,3.1563,2.1159,0.0000,178336.10,6.80,0.373820,11.214606,2.000000,12.000000,0.200000
openai_gpt-5-mini,30,3,6.6825,2.9024,2.5278,31.2698,34252.37,2.33,0.006124,0.183706,0.250000,2.000000,0.025000
openai_gpt-5.2,30,3,36.4687,3.4389,3.2595,0.0000,168000.60,8.60,0.135748,4.072451,1.750000,14.000000,0.175000
